,Title,Finish,Start,Driver
0,2018 NAPA Fall Final SK Modified® Feature Results,1,13,"Michael Christopher, Jr."
1,2018 NAPA Fall Final SK Modified® Feature Results,2,10,Keith Rocco
2,2018 NAPA Fall Final SK Modified® Feature Results,3,8,Todd Owen
3,2018 NAPA Fall Final SK Modified® Feature Results,4,7,Joey Cipriano
4,2018 NAPA Fall Final SK Modified® Feature Results,5,6,Eric Berndt
5,2018 NAPA Fall Final SK Modified® Feature Results,6,14,Max Zachem
6,2018 NAPA Fall Final SK Modified® Feature Results,7,2,Matt Galko
7,2018 NAPA Fall Final SK Modified® Feature Results,8,23,Troy Talman
8,2018 NAPA Fall Final SK Modified® Feature Results,9,12,Glen Reen
9,2018 NAPA Fall Final SK Modified® Feature Results,10,20,John Montesanto
10,2018 NAPA Fall Final SK Modified® Feature Results,11,19,Cory DiMatteo - R
11,2018 NAPA Fall Final SK Modified® Feature Results,12,12,Robert Palmer
12,2018 NAPA Fall Final SK Modified® Feature Results,13,4,Tyler Hines
13,2018 NAPA Fall Final SK Modified® Feature Results,14,16,Marcello Rufrano - R
14,2018 NAPA Fall Final SK Modified® Feature Results,15,17,Nick Salva
15,2018 NAPA Fall Final SK Modified® Feature Results,16,1,David Arute - R
16,2018 NAPA Fall Final SK Modified® Feature Results,17,18,Stephen Kopcik
17,2018 NAPA Fall Final SK Modified® Feature Results,18,3,Josh Wood
18,2018 NAPA Fall Final SK Modified® Feature Results,19,21,"Joe Allegro, Jr."
19,2018 NAPA Fall Final SK Modified® Feature Results,20,25,Shawn Thibeault
20,2018 NAPA Fall Final SK Modified® Feature Results,21,5,"Tony Membrino, Jr."
21,2018 NAPA Fall Final SK Modified® Feature Results,22,22,Matt Vassar - R
22,2018 NAPA Fall Final SK Modified® Feature Results,23,9,"Michael Gervais, Jr."
23,2018 NAPA Fall Final SK Modified® Feature Results,24,11,Ronnie Williams
24,2018 NAPA Fall Final SK Modified® Feature Results,25,15,Dan Avery
25,"September 14, 2018 SK Modified® Feature Results",1,13,"Michael Christopher, Jr."
26,"September 14, 2018 SK Modified® Feature Results",2,6,Glen Reen
27,"September 14, 2018 SK Modified® Feature Results",3,4,Todd Owen
28,"September 14, 2018 SK Modified® Feature Results",4,7,"Michael Gervais, Jr."
29,"September 14, 2018 SK Modified® Feature Results",5,11,Eric Berndt
30,"September 14, 2018 SK Modified® Feature Results",6,9,Ronnie Williams
31,"September 14, 2018 SK Modified® Feature Results",7,5,Joey Cipriano
32,"September 14, 2018 SK Modified® Feature Results",8,15,Tom Bolles
33,"September 14, 2018 SK Modified® Feature Results",9,17,"Tony Membrino, Jr."
34,"September 14, 2018 SK Modified® Feature Results",10,14,Max Zachem
35,"September 14, 2018 SK Modified® Feature Results",11,1,Tyler Hines
36,"September 14, 2018 SK Modified® Feature Results",12,16,Josh Wood
37,"September 14, 2018 SK Modified® Feature Results",13,18,David Arute - R
38,"September 14, 2018 SK Modified® Feature Results",14,12,Stephen Kopcik
39,"September 14, 2018 SK Modified® Feature Results",15,3,Matt Galko
40,"September 14, 2018 SK Modified® Feature Results",16,10,Keith Rocco
41,"September 14, 2018 SK Modified® Feature Results",17,8,Chase Dowling
42,"September 14, 2018 SK Modified® Feature Results",18,2,Matt Vassar - R
43,"September 7, 2018 SK Modified® Feature Results",1,10,"Michael Christopher, Jr."
44,"September 7, 2018 SK Modified® Feature Results",2,14,Woody Pitkat
45,"September 7, 2018 SK Modified® Feature Results",3,8,Chase Dowling
46,"September 7, 2018 SK Modified® Feature Results",4,5,Glen Reen
47,"September 7, 2018 SK Modified® Feature Results",5,9,Ronnie Williams
48,"September 7, 2018 SK Modified® Feature Results",6,6,"Michael Gervais, Jr."
49,"September 7, 2018 SK Modified® Feature Results",7,12,Eric Berndt
50,"September 7, 2018 SK Modified® Feature Results",8,11,Joey Cipriano
51,"September 7, 2018 SK Modified® Feature Results",9,4,Matt Galko
52,"September 7, 2018 SK Modified® Feature Results",10,15,Josh Wood
53,"September 7, 2018 SK Modified® Feature Results",11,2,"Tony Membrino, Jr."
54,"September 7, 2018 SK Modified® Feature Results",12,7,Todd Owen
55,"September 7, 2018 SK Modified® Feature Results",13,16,David Arute - R
56,"September 7, 2018 SK Modified® Feature Results",14,1,Tyler Hines
57,"September 7, 2018 SK Modified® Feature Results",15,13,Keith Rocco
58,"September 7, 2018 SK Modified® Feature Results",16,3,Matt Vassar - R
59,"September 7, 2018 SK Modified® Feature Results",17,17,Nick Giardina - R
60,"August 31, 2018 SK Modified® Feature Results",1,14,Keith Rocco
61,"August 31, 2018 SK Modified® Feature Results",2,5,Ronnie Williams
62,"August 31, 2018 SK Modified® Feature Results",3,1,"Michael Gervais, Jr."
63,"August 31, 2018 SK Modified® Feature Results",4,13,Glen Reen
64,"August 31, 2018 SK Modified® Feature Results",5,11,"Michael Christopher, Jr."
65,"August 31, 2018 SK Modified® Feature Results",6,10,Joey Cipiano
66,"August 31, 2018 SK Modified® Feature Results",7,20,Cory DiMatteo - R
67,"August 31, 2018 SK Modified® Feature Results",8,8,Chase Dowling
68,"August 31, 2018 SK Modified® Feature Results",9,9,Todd Owen
69,"August 31, 2018 SK Modified® Feature Results",10,16,"Tony Membrino, Jr."
70,"August 31, 2018 SK Modified® Feature Results",11,3,Tyler Hines
71,"August 31, 2018 SK Modified® Feature Results",12,7,Tom Bolles
72,"August 31, 2018 SK Modified® Feature Results",13,12,Matt Galko
73,"August 31, 2018 SK Modified® Feature Results",14,4,David Arute - R
74,"August 31, 2018 SK Modified® Feature Results",15,18,Josh Wood
75,"August 31, 2018 SK Modified® Feature Results",16,17,Troy Talman
76,"August 31, 2018 SK Modified® Feature Results",17,21,"Tommy Membrino, Jr."
77,"August 31, 2018 SK Modified® Feature Results",18,19,Dan Avery
78,"August 31, 2018 SK Modified® Feature Results",19,6,Matt Vassar
79,"August 31, 2018 SK Modified® Feature Results",20,2,Stephen Kopcik
80,"August 31, 2018 SK Modified® Feature Results",21,15,Eric Berndt
81,"August 24, 2018 SK Modified® Feature Results",1,14,Eric Berndt
82,"August 24, 2018 SK Modified® Feature Results",2,6,"Mike Christopher, Jr."
83,"August 24, 2018 SK Modified® Feature Results",3,6,Todd Owen
84,"August 24, 2018 SK Modified® Feature Results",4,11,Matt Galko
85,"August 24, 2018 SK Modified® Feature Results",5,1,Matt Vassar - R
86,"August 24, 2018 SK Modified® Feature Results",6,8,Chase Dowling
87,"August 24, 2018 SK Modified® Feature Results",7,17,Josh Wood
88,"August 24, 2018 SK Modified® Feature Results",8,19,"Tony Membrino, Jr."
89,"August 24, 2018 SK Modified® Feature Results",9,9,Joey Ferrigno
90,"August 24, 2018 SK Modified® Feature Results",10,10,Stephen Kopcik
91,"August 24, 2018 SK Modified® Feature Results",11,15,Nick Salva
92,"August 24, 2018 SK Modified® Feature Results",12,7,Ronnie Williams
93,"August 24, 2018 SK Modified® Feature Results",13,12,Keith Rocco
94,"August 24, 2018 SK Modified® Feature Results",14,3,Troy Talman
95,"August 24, 2018 SK Modified® Feature Results",15,4,David Arute
96,"August 24, 2018 SK Modified® Feature Results",16,16,Tom Bolles
97,"August 24, 2018 SK Modified® Feature Results",17,18,"Tony Membrino, Jr."
98,"August 24, 2018 SK Modified® Feature Results",18,2,"Michael Gervais, Jr."
99,"August 24, 2018 SK Modified® Feature Results",19,13,Glen Reen
100,"August 10, 2018 SK Modified® Feature Results",1,5,Keith Rocco
101,"August 10, 2018 SK Modified® Feature Results",2,6,Joey Cipriano
102,"August 10, 2018 SK Modified® Feature Results",3,13,Chase Dowling
103,"August 10, 2018 SK Modified® Feature Results",4,16,Eric Berndt
104,"August 10, 2018 SK Modified® Feature Results",5,4,Todd Owen
105,"August 10, 2018 SK Modified® Feature Results",6,14,Cory DiMatteo - R
106,"August 10, 2018 SK Modified® Feature Results",7,3,David Arute - R
107,"August 10, 2018 SK Modified® Feature Results",8,20,Josh Wood
108,"August 10, 2018 SK Modified® Feature Results",9,8,Tom Bolles
109,"August 10, 2018 SK Modified® Feature Results",10,1,Troy Talman
110,"August 10, 2018 SK Modified® Feature Results",11,7,"Michael Gervais, Jr."
111,"August 10, 2018 SK Modified® Feature Results",12,12,Ronnie Williams
112,"August 10, 2018 SK Modified® Feature Results",13,9,Tyler Hines
113,"August 10, 2018 SK Modified® Feature Results",14,2,Matt Vassar - R
114,"August 10, 2018 SK Modified® Feature Results",15,18,Matt Galko
115,"August 10, 2018 SK Modified® Feature Results",16,11,Glen Reen
116,"August 10, 2018 SK Modified® Feature Results",17,10,Stephen Kopcik
117,"August 10, 2018 SK Modified® Feature Results",18,17,Nick Salva
118,"August 10, 2018 SK Modified® Feature Results",19,19,"Michael Christopher, Jr."
119,"August 10, 2018 SK Modified® Feature Results",20,15,"Tony Membrino, Jr"
120,"August 3, 2018 SK Modified® Feature Results",1,6,Glen Reen
121,"August 3, 2018 SK Modified® Feature Results",2,10,Matt Galko
122,"August 3, 2018 SK Modified® Feature Results",3,2,Tom Bolles
123,"August 3, 2018 SK Modified® Feature Results",4,4,Tyler Hines
124,"August 3, 2018 SK Modified® Feature Results",5,8,"Mike Christopher, Jr."
125,"August 3, 2018 SK Modified® Feature Results",6,11,Todd Owen
126,"August 3, 2018 SK Modified® Feature Results",7,14,Ronnie Williams
127,"August 3, 2018 SK Modified® Feature Results",8,16,"Tony Membrino, Jr."
128,"August 3, 2018 SK Modified® Feature Results",9,3,David Arute - R
129,"August 3, 2018 SK Modified® Feature Results",10,1,Matt Vassar - R
130,"August 3, 2018 SK Modified® Feature Results",11,18,"Doug Meservey, Jr. - R"
131,"August 3, 2018 SK Modified® Feature Results",12,17,Troy Talman
132,"August 3, 2018 SK Modified® Feature Results",13,19,Josh Wood
133,"August 3, 2018 SK Modified® Feature Results",14,21,Cory DiMatteo - R
134,"August 3, 2018 SK Modified® Feature Results",15,5,Joey Cipriano
135,"August 3, 2018 SK Modified® Feature Results",16,20,Dan Avery
136,"August 3, 2018 SK Modified® Feature Results",17,12,Stephen Kopcik
137,"August 3, 2018 SK Modified® Feature Results",18,13,Chase Dowling
138,"August 3, 2018 SK Modified® Feature Results",19,15,Eric Berndt
139,"August 3, 2018 SK Modified® Feature Results",20,7,Keith Rocco
140,"August 3, 2018 SK Modified® Feature Results",21,9,"Michael Gervais, Jr."
141,"July 27, 2018 SK Modified® Feature Results",1,12,Eric Berndt
142,"July 27, 2018 SK Modified® Feature Results",2,10,Stephen Kopcik
143,"July 27, 2018 SK Modified® Feature Results",3,13,Ronnie Williams
144,"July 27, 2018 SK Modified® Feature Results",4,5,"Michael Christopher, Jr."
145,"July 27, 2018 SK Modified® Feature Results",5,11,Chase Dowling
146,"July 27, 2018 SK Modified® Feature Results",6,1,Tyler Hines
147,"July 27, 2018 SK Modified® Feature Results",7,8,Matt Galko
148,"July 27, 2018 SK Modified® Feature Results",8,15,Dan Avery
149,"July 27, 2018 SK Modified® Feature Results",9,4,Glen Reen
150,"July 27, 2018 SK Modified® Feature Results",10,6,Keith Rocco
151,"July 27, 2018 SK Modified® Feature Results",11,9,"Michael Gervais, Jr."
152,"July 27, 2018 SK Modified® Feature Results",12,14,"Tony Membrino, Jr."
153,"July 27, 2018 SK Modified® Feature Results",13,17,Cory DiMatteo - R
154,"July 27, 2018 SK Modified® Feature Results",14,16,Todd Owen
155,"July 27, 2018 SK Modified® Feature Results",15,20,David Arute - R
156,"July 27, 2018 SK Modified® Feature Results",16,19,"Doug Meservey, Jr. - R"
157,"July 27, 2018 SK Modified® Feature Results",17,3,Matt Vassar
158,"July 27, 2018 SK Modified® Feature Results",18,18,Troy Talman
159,"July 27, 2018 SK Modified® Feature Results",19,21,Nick Salva
160,"July 27, 2018 SK Modified® Feature Results",20,2,Tom Bolles
161,"July 27, 2018 SK Modified® Feature Results",21,7,Joey Cipriano
162,"July 20, 2018 SK Modified® Feature Results",1,11,Ronnie Williams
163,"July 20, 2018 SK Modified® Feature Results",2,10,Eric Berndt
164,"July 20, 2018 SK Modified® Feature Results",3,3,"Michael Gervais, Jr."
165,"July 20, 2018 SK Modified® Feature Results",4,4,Matt Galko
166,"July 20, 2018 SK Modified® Feature Results",5,19,Dan Avery
167,"July 20, 2018 SK Modified® Feature Results",6,7,Stephen Kopcik
168,"July 20, 2018 SK Modified® Feature Results",7,8,Todd Owen
169,"July 20, 2018 SK Modified® Feature Results",8,18,David Arute - R
170,"July 20, 2018 SK Modified® Feature Results",9,5,Joey Cipriano
171,"July 20, 2018 SK Modified® Feature Results",10,17,Tom Bolles
172,"July 20, 2018 SK Modified® Feature Results",11,14,Nick Salva
173,"July 20, 2018 SK Modified® Feature Results",12,1,Tyler Hines
174,"July 20, 2018 SK Modified® Feature Results",13,13,"Doug Meservey, Jr. - R"
175,"July 20, 2018 SK Modified® Feature Results",14,20,Glen Reen
176,"July 20, 2018 SK Modified® Feature Results",15,2,Matt Vassar - R
177,"July 20, 2018 SK Modified® Feature Results",16,15,Troy Talman
178,"July 20, 2018 SK Modified® Feature Results",17,12,Josh Wood
179,"July 20, 2018 SK Modified® Feature Results",18,16,Cory DiMatteo
180,"July 20, 2018 SK Modified® Feature Results",19,9,Keith Rocco
181,"July 20, 2018 SK Modified® Feature Results",20,6,"Michael Christopher, Jr."
182,"July 13, 2018 TC 13 Shoot Out SK Modified® Feature Results",1,6,Glen Reen
183,"July 13, 2018 TC 13 Shoot Out SK Modified® Feature Results",2,7,Chase Dowling
184,"July 13, 2018 TC 13 Shoot Out SK Modified® Feature Results",3,10,Todd Owen
185,"July 13, 2018 TC 13 Shoot Out SK Modified® Feature Results",4,9,Troy Talman
186,"July 13, 2018 TC 13 Shoot Out SK Modified® Feature Results",5,5,Joey Cipriano
187,"July 13, 2018 TC 13 Shoot Out SK Modified® Feature Results",6,3,Stephen Kopcik
188,"July 13, 2018 TC 13 Shoot Out SK Modified® Feature Results",7,11,Ronnie Williams
189,"July 13, 2018 TC 13 Shoot Out SK Modified® Feature Results",8,1,"Michael Christopher, Jr."
190,"July 13, 2018 TC 13 Shoot Out SK Modified® Feature Results",9,2,Matt Galko
191,"July 13, 2018 TC 13 Shoot Out SK Modified® Feature Results",10,13,Matt Vassar - R
192,"July 13, 2018 TC 13 Shoot Out SK Modified® Feature Results",11,12,Eric Berndt
193,"July 13, 2018 TC 13 Shoot Out SK Modified® Feature Results",12,4,David Arute - R
194,"July 13, 2018 TC 13 Shoot Out SK Modified® Feature Results",13,8,Keith Rocco
195,"July 13, 2018 SK Modified® Feature Results",1,11,Eric Berndt
196,"July 13, 2018 SK Modified® Feature Results",2,14,Ronnie Williams
197,"July 13, 2018 SK Modified® Feature Results",3,6,Todd Owen
198,"July 13, 2018 SK Modified® Feature Results",4,17,Troy Talman
199,"July 13, 2018 SK Modified® Feature Results",5,9,Keith Rocco
200,"July 13, 2018 SK Modified® Feature Results",6,13,Chase Dowling
201,"July 13, 2018 SK Modified® Feature Results",7,7,Glen Reen
202,"July 13, 2018 SK Modified® Feature Results",8,12,Joey Cipriano
203,"July 13, 2018 SK Modified® Feature Results",9,15,David Arute - R
204,"July 13, 2018 SK Modified® Feature Results",10,8,Stephen Kopcik
205,"July 13, 2018 SK Modified® Feature Results",11,5,Matt Galko
206,"July 13, 2018 SK Modified® Feature Results",12,10,"Michael Christopher, Jr."
207,"July 13, 2018 SK Modified® Feature Results",13,22,Matt Vassar - R
208,"July 13, 2018 SK Modified® Feature Results",14,18,"Doug Meservey, Jr. - R"
209,"July 13, 2018 SK Modified® Feature Results",15,2,Tyler Hines
210,"July 13, 2018 SK Modified® Feature Results",16,20,John Catania
211,"July 13, 2018 SK Modified® Feature Results",17,21,Nick Salva
212,"July 13, 2018 SK Modified® Feature Results",18,3,"Tony Membrino, Jr."
213,"July 13, 2018 SK Modified® Feature Results",19,19,Dan Avery
214,"July 13, 2018 SK Modified® Feature Results",20,4,"Michael Gervais, Jr."
215,"July 13, 2018 SK Modified® Feature Results",21,1,Tom Bolles
216,"July 13, 2018 SK Modified® Feature Results",22,16,Josh Wood
217,"July 6, 2018 SK Modified® Feature Results",1,10,Ronnie Williams
218,"July 6, 2018 SK Modified® Feature Results",2,4,Eric Berndt
219,"July 6, 2018 SK Modified® Feature Results",3,6,Stephen Kopcik
220,"July 6, 2018 SK Modified® Feature Results",4,16,Todd Owen
221,"July 6, 2018 SK Modified® Feature Results",5,7,Glen Reen
222,"July 6, 2018 SK Modified® Feature Results",6,2,"Michael Gervais, Jr."
223,"July 6, 2018 SK Modified® Feature Results",7,3,"Tony Membrino, Jr."
224,"July 6, 2018 SK Modified® Feature Results",8,5,Matt Galko
225,"July 6, 2018 SK Modified® Feature Results",9,1,Matt Vassar - R
226,"July 6, 2018 SK Modified® Feature Results",10,15,"Tommy Membrino, Jr."
227,"July 6, 2018 SK Modified® Feature Results",11,17,David Arute - R
228,"July 6, 2018 SK Modified® Feature Results",12,12,Chase Dowling
229,"July 6, 2018 SK Modified® Feature Results",13,8,"Joey Cipriano, III"
230,"July 6, 2018 SK Modified® Feature Results",14,18,Josh Wood
231,"July 6, 2018 SK Modified® Feature Results",15,19,Tom Bolles
232,"July 6, 2018 SK Modified® Feature Results",16,14,Tyler Hines
233,"July 6, 2018 SK Modified® Feature Results",17,13,"Doug Meservey, Jr. - R"
234,"July 6, 2018 SK Modified® Feature Results",18,9,Keith Rocco
235,"July 6, 2018 SK Modified® Feature Results",19,11,"Michael Christopher, Jr."
236,"June 29, 2018 NAPA Auto Parts SK 5K Feature Results",1,10,Ronnie Williams
237,"June 29, 2018 NAPA Auto Parts SK 5K Feature Results",2,7,Keith Rocco
238,"June 29, 2018 NAPA Auto Parts SK 5K Feature Results",3,20,Chase Dowling
239,"June 29, 2018 NAPA Auto Parts SK 5K Feature Results",4,2,Eric Berndt
240,"June 29, 2018 NAPA Auto Parts SK 5K Feature Results",5,11,"Michael Christopher, Jr."
241,"June 29, 2018 NAPA Auto Parts SK 5K Feature Results",6,9,Glen Reen
242,"June 29, 2018 NAPA Auto Parts SK 5K Feature Results",7,6,Matt Galko
243,"June 29, 2018 NAPA Auto Parts SK 5K Feature Results",8,13,Troy Talman
244,"June 29, 2018 NAPA Auto Parts SK 5K Feature Results",9,14,Nick Salva
245,"June 29, 2018 NAPA Auto Parts SK 5K Feature Results",10,15,Todd Owen
246,"June 29, 2018 NAPA Auto Parts SK 5K Feature Results",11,25,Matt Vassar - R
247,"June 29, 2018 NAPA Auto Parts SK 5K Feature Results",12,16,John Studley - R
248,"June 29, 2018 NAPA Auto Parts SK 5K Feature Results",13,3,"Tony Membrino, Jr."
249,"June 29, 2018 NAPA Auto Parts SK 5K Feature Results",14,4,"Michael Gervais, Jr."
250,"June 29, 2018 NAPA Auto Parts SK 5K Feature Results",15,19,"Tommy Membrino, Jr."
251,"June 29, 2018 NAPA Auto Parts SK 5K Feature Results",16,23,David Arute - R
252,"June 29, 2018 NAPA Auto Parts SK 5K Feature Results",17,22,"Doug Meservey, Jr. - R"
253,"June 29, 2018 NAPA Auto Parts SK 5K Feature Results",18,17,Tom Bolles
254,"June 29, 2018 NAPA Auto Parts SK 5K Feature Results",19,21,Dan Avery
255,"June 29, 2018 NAPA Auto Parts SK 5K Feature Results",20,12,Dan Wesson - R
256,"June 29, 2018 NAPA Auto Parts SK 5K Feature Results",21,5,Rowan Pennink
257,"June 29, 2018 NAPA Auto Parts SK 5K Feature Results",22,8,Joey Cipriano
258,"June 29, 2018 NAPA Auto Parts SK 5K Feature Results",23,1,Tyler Hines
259,"June 29, 2018 NAPA Auto Parts SK 5K Feature Results",24,18,Stephen Kopcik
260,"June 22, 2018 SK Modified® Feature Results",1,3,Joey Cipriano
261,"June 22, 2018 SK Modified® Feature Results",2,13,"Michael Christopher, Jr."
262,"June 22, 2018 SK Modified® Feature Results",3,4,Stephen Kopcik
263,"June 22, 2018 SK Modified® Feature Results",4,12,Glen Reen
264,"June 22, 2018 SK Modified® Feature Results",5,14,Ronnie Williams
265,"June 22, 2018 SK Modified® Feature Results",6,10,Keith Rocco
266,"June 22, 2018 SK Modified® Feature Results",7,5,Rowan Pennink
267,"June 22, 2018 SK Modified® Feature Results",8,2,Josh Wood
268,"June 22, 2018 SK Modified® Feature Results",9,7,"Michael Gervais, Jr."
269,"June 22, 2018 SK Modified® Feature Results",10,1,Tyler Hines
270,"June 22, 2018 SK Modified® Feature Results",11,18,"Tony Membrino, Jr."
271,"June 22, 2018 SK Modified® Feature Results",12,8,Matt Galko
272,"June 22, 2018 SK Modified® Feature Results",13,9,Todd Owen
273,"June 22, 2018 SK Modified® Feature Results",14,6,Tom Bolles
274,"June 22, 2018 SK Modified® Feature Results",15,15,Matt Vassar - R
275,"June 22, 2018 SK Modified® Feature Results",16,16,David Arute - R
276,"June 22, 2018 SK Modified® Feature Results",17,17,John Catania
277,"June 22, 2018 SK Modified® Feature Results",18,11,Eric Berndt
278,"June 22, 2018 SK Modified® Feature Results",19,19,Cory DiMatteo - R
279,"June 15, 2018 SK Modified® Feature Results",1,6,"Michael Christopher, Jr."
280,"June 15, 2018 SK Modified® Feature Results",2,15,Ryan Preece
281,"June 15, 2018 SK Modified® Feature Results",3,10,Keith Rocco
282,"June 15, 2018 SK Modified® Feature Results",4,7,Todd Owen
283,"June 15, 2018 SK Modified® Feature Results",5,8,Matt Galko
284,"June 15, 2018 SK Modified® Feature Results",6,12,Glen Reen
285,"June 15, 2018 SK Modified® Feature Results",7,14,"Tommy Membrino, Jr."
286,"June 15, 2018 SK Modified® Feature Results",8,13,Ronnie Williams
287,"June 15, 2018 SK Modified® Feature Results",9,19,Chase Dowling
288,"June 15, 2018 SK Modified® Feature Results",10,4,Stephen Kopcik
289,"June 15, 2018 SK Modified® Feature Results",11,3,Tom Bolles
290,"June 15, 2018 SK Modified® Feature Results",12,21,Josh Wood
291,"June 15, 2018 SK Modified® Feature Results",13,22,Dan Avery
292,"June 15, 2018 SK Modified® Feature Results",14,9,"Michael Gervais, Jr."
293,"June 15, 2018 SK Modified® Feature Results",15,16,David Arute - R
294,"June 15, 2018 SK Modified® Feature Results",16,11,Eric Berndt
295,"June 15, 2018 SK Modified® Feature Results",17,18,Nick Salva
296,"June 15, 2018 SK Modified® Feature Results",18,5,Joey Cipriano
297,"June 15, 2018 SK Modified® Feature Results",19,17,Matt Vassar - R
298,"June 15, 2018 SK Modified® Feature Results",20,2,Dan Wesson - R
299,"June 15, 2018 SK Modified® Feature Results",21,20,"Doug Meservey, Jr. - R"
300,"June 15, 2018 SK Modified® Feature Results",22,23,Zach Leone
301,"June 15, 2018 SK Modified® Feature Results",23,1,Tyler Hines
302,"June 15, 2018 SK Modified® Feature Results",24,24,Rowan Pennink
303,"June 8, 2018 SK Modified® Feature Results",1,14,Ronnie Williams
304,"June 8, 2018 SK Modified® Feature Results",2,21,Glen Reen
305,"June 8, 2018 SK Modified® Feature Results",3,26,Dan Avery
306,"June 8, 2018 SK Modified® Feature Results",4,9,"Michael Gervais, Jr."
307,"June 8, 2018 SK Modified® Feature Results",5,6,Matt Galko
308,"June 8, 2018 SK Modified® Feature Results",6,15,Keith Rocco
309,"June 8, 2018 SK Modified® Feature Results",7,1,Tom Bolles
310,"June 8, 2018 SK Modified® Feature Results",8,12,Chase Dowling
311,"June 8, 2018 SK Modified® Feature Results",9,7,"Michael Christopher, Jr."
312,"June 8, 2018 SK Modified® Feature Results",10,8,Todd Owen
313,"June 8, 2018 SK Modified® Feature Results",11,11,Eric Berndt
314,"June 8, 2018 SK Modified® Feature Results",12,4,Stephen Kopcik
315,"June 8, 2018 SK Modified® Feature Results",13,19,"Doug Meservey, Jr. - R"
316,"June 8, 2018 SK Modified® Feature Results",14,25,John Catania
317,"June 8, 2018 SK Modified® Feature Results",15,20,David Arute - R
318,"June 8, 2018 SK Modified® Feature Results",16,16,D.J. Burnham
319,"June 8, 2018 SK Modified® Feature Results",17,10,Joey Cipriano
320,"June 8, 2018 SK Modified® Feature Results",18,13,Rowan Pennink
321,"June 8, 2018 SK Modified® Feature Results",19,17,Matt Vassar
322,"June 8, 2018 SK Modified® Feature Results",20,22,"Tony Membrino, Jr."
323,"June 8, 2018 SK Modified® Feature Results",21,3,Dan Wesson - R
324,"June 8, 2018 SK Modified® Feature Results",22,18,Josh Wood
325,"June 8, 2018 SK Modified® Feature Results",23,5,Troy Talman
326,"June 8, 2018 SK Modified® Feature Results",24,2,Tyler Hines
327,"June 8, 2018 SK Modified® Feature Results",25,23,"Tommy Membrino, Jr."
328,"June 8, 2018 SK Modified® Feature Results",26,24,Ryan Preece
329,"June 1, 2018 SK Modified® Feature Results",1,3,Chase Dowling
330,"June 1, 2018 SK Modified® Feature Results",2,10,Eric Berndt
331,"June 1, 2018 SK Modified® Feature Results",3,9,Ronnie Williams
332,"June 1, 2018 SK Modified® Feature Results",4,2,Todd Owen
333,"June 1, 2018 SK Modified® Feature Results",5,7,"Michael Christopher, Jr."
334,"June 1, 2018 SK Modified® Feature Results",6,13,Glen Reen
335,"June 1, 2018 SK Modified® Feature Results",7,5,Matt Galko
336,"June 1, 2018 SK Modified® Feature Results",8,11,Keith Rocco
337,"June 1, 2018 SK Modified® Feature Results",9,14,Ryan Preece
338,"June 1, 2018 SK Modified® Feature Results",10,18,Joey Cipriano
339,"June 1, 2018 SK Modified® Feature Results",11,8,"Michael Gervais, Jr."
340,"June 1, 2018 SK Modified® Feature Results",12,15,Dan Avery
341,"June 1, 2018 SK Modified® Feature Results",13,16,Dan Wesson - R
342,"June 1, 2018 SK Modified® Feature Results",14,20,Josh Wood
343,"June 1, 2018 SK Modified® Feature Results",15,1,D.J. Burnham
344,"June 1, 2018 SK Modified® Feature Results",16,6,Stephen Kopcik
345,"June 1, 2018 SK Modified® Feature Results",17,24,Rowan Pennink
346,"June 1, 2018 SK Modified® Feature Results",18,12,"Tony Membrino, Jr."
347,"June 1, 2018 SK Modified® Feature Results",19,23,Matt Vassar - R
348,"June 1, 2018 SK Modified® Feature Results",20,4,Troy Talman
349,"June 1, 2018 SK Modified® Feature Results",21,21,Tyler Hines
350,"June 1, 2018 SK Modified® Feature Results",22,17,Tom Bolles
351,"June 1, 2018 SK Modified® Feature Results",23,27,"Tommy Membrino, Jr."
352,"June 1, 2018 SK Modified® Feature Results",24,19,David Arute - R
353,"June 1, 2018 SK Modified® Feature Results",25,22,"Doug Meservey, Jr. - R"
354,"June 1, 2018 SK Modified® Feature Results",26,25,Zach Leone - R
355,"June 1, 2018 SK Modified® Feature Results",27,26,John Catania
356,"May 25, 2018 Dunleavy’s Modifiedz Night SK Modified® Feature Results",1,16,Rowan Pennink
357,"May 25, 2018 Dunleavy’s Modifiedz Night SK Modified® Feature Results",2,19,Ronnie Williams
358,"May 25, 2018 Dunleavy’s Modifiedz Night SK Modified® Feature Results",3,11,Keith Rocco
359,"May 25, 2018 Dunleavy’s Modifiedz Night SK Modified® Feature Results",4,17,"Michael Gervais, Jr."
360,"May 25, 2018 Dunleavy’s Modifiedz Night SK Modified® Feature Results",5,6,Stephen Kopcik
361,"May 25, 2018 Dunleavy’s Modifiedz Night SK Modified® Feature Results",6,8,Joey Cipriano
362,"May 25, 2018 Dunleavy’s Modifiedz Night SK Modified® Feature Results",7,5,Matt Galko
363,"May 25, 2018 Dunleavy’s Modifiedz Night SK Modified® Feature Results",8,13,Dan Wesson - R
364,"May 25, 2018 Dunleavy’s Modifiedz Night SK Modified® Feature Results",9,15,John Studley
365,"May 25, 2018 Dunleavy’s Modifiedz Night SK Modified® Feature Results",10,3,Tyler Hines
366,"May 25, 2018 Dunleavy’s Modifiedz Night SK Modified® Feature Results",11,18,Troy Talman
367,"May 25, 2018 Dunleavy’s Modifiedz Night SK Modified® Feature Results",12,22,Tom Bolles
368,"May 25, 2018 Dunleavy’s Modifiedz Night SK Modified® Feature Results",13,4,Chase Dowling
369,"May 25, 2018 Dunleavy’s Modifiedz Night SK Modified® Feature Results",14,14,David Arute
370,"May 25, 2018 Dunleavy’s Modifiedz Night SK Modified® Feature Results",15,24,John Catania
371,"May 25, 2018 Dunleavy’s Modifiedz Night SK Modified® Feature Results",16,7,Todd Owen
372,"May 25, 2018 Dunleavy’s Modifiedz Night SK Modified® Feature Results",17,25,"Doug Meservey, Jr. - R"
373,"May 25, 2018 Dunleavy’s Modifiedz Night SK Modified® Feature Results",18,23,"Tommy Membrino, Jr."
374,"May 25, 2018 Dunleavy’s Modifiedz Night SK Modified® Feature Results",19,2,D.J. Burnham
375,"May 25, 2018 Dunleavy’s Modifiedz Night SK Modified® Feature Results",20,21,Nick Salva
376,"May 25, 2018 Dunleavy’s Modifiedz Night SK Modified® Feature Results",21,26,Josh Wood
377,"May 25, 2018 Dunleavy’s Modifiedz Night SK Modified® Feature Results",22,9,"Michael Christopher, Jr."
378,"May 25, 2018 Dunleavy’s Modifiedz Night SK Modified® Feature Results",23,1,Matt Vassar - R
379,"May 25, 2018 Dunleavy’s Modifiedz Night SK Modified® Feature Results",24,10,Eric Berndt
380,"May 25, 2018 Dunleavy’s Modifiedz Night SK Modified® Feature Results",25,12,Cory DiMatteo - R
381,"May 25, 2018 Dunleavy’s Modifiedz Night SK Modified® Feature Results",26,20,"Tony Membrino, Jr."
382,"May 18, 2018 SK Modified® Feature Results",1,14,Keith Rocco
383,"May 18, 2018 SK Modified® Feature Results",2,2,Joey Cipriano
384,"May 18, 2018 SK Modified® Feature Results",3,11,Eric Berndt
385,"May 18, 2018 SK Modified® Feature Results",4,13,Ronnie Williams
386,"May 18, 2018 SK Modified® Feature Results",5,9,"Michael Gervais, Jr."
387,"May 18, 2018 SK Modified® Feature Results",6,8,Rowan Pennink
388,"May 18, 2018 SK Modified® Feature Results",7,18,Troy Talman
389,"May 18, 2018 SK Modified® Feature Results",8,12,"Michael Christopher, Jr."
390,"May 18, 2018 SK Modified® Feature Results",9,6,Todd Owen
391,"May 18, 2018 SK Modified® Feature Results",10,1,Chase Dowling
392,"May 18, 2018 SK Modified® Feature Results",11,5,Tyler Hines
393,"May 18, 2018 SK Modified® Feature Results",12,22,"Tony Membrino, Jr."
394,"May 18, 2018 SK Modified® Feature Results",13,19,David Arute - R
395,"May 18, 2018 SK Modified® Feature Results",14,3,Tom Bolles
396,"May 18, 2018 SK Modified® Feature Results",15,17,D.J. Burnham
397,"May 18, 2018 SK Modified® Feature Results",16,20,Dan Wesson - R
398,"May 18, 2018 SK Modified® Feature Results",17,10,Matt Galko
399,"May 18, 2018 SK Modified® Feature Results",18,24,Cory DiMatteo - R
400,"May 18, 2018 SK Modified® Feature Results",19,25,"Tony Membrino, Jr."
401,"May 18, 2018 SK Modified® Feature Results",20,7,Stephen Kopcik
402,"May 18, 2018 SK Modified® Feature Results",21,4,Matt Vassar - R
403,"May 18, 2018 SK Modified® Feature Results",22,16,Josh Wood
404,"May 18, 2018 SK Modified® Feature Results",23,15,"Doug Meservey, Jr. - R"
405,"May 18, 2018 SK Modified® Feature Results",24,23,Zach Leone - R
406,"May 18, 2018 SK Modified® Feature Results",25,21,Tyler Jones - R
407,"May 11, 2018 SK Modified® Feature Results",1,14,Keith Rocco
408,"May 11, 2018 SK Modified® Feature Results",2,6,Eric Berndt
409,"May 11, 2018 SK Modified® Feature Results",3,11,"Mike Christopher, Jr."
410,"May 11, 2018 SK Modified® Feature Results",4,1,Stephen Kopcik
411,"May 11, 2018 SK Modified® Feature Results",5,10,"Michael Gervais, Jr."
412,"May 11, 2018 SK Modified® Feature Results",6,9,Rowan Pennink
413,"May 11, 2018 SK Modified® Feature Results",7,12,Matt Galko
414,"May 11, 2018 SK Modified® Feature Results",8,19,Tom Bolles
415,"May 11, 2018 SK Modified® Feature Results",9,2,"Joey Cipriano, III"
416,"May 11, 2018 SK Modified® Feature Results",10,7,Tyler Hines
417,"May 11, 2018 SK Modified® Feature Results",11,15,Troy Talman
418,"May 11, 2018 SK Modified® Feature Results",12,16,Matt Vassar - R
419,"May 11, 2018 SK Modified® Feature Results",13,21,D.J. Burnham
420,"May 11, 2018 SK Modified® Feature Results",14,24,Doug Meservey - R
421,"May 11, 2018 SK Modified® Feature Results",15,22,David Arute - R
422,"May 11, 2018 SK Modified® Feature Results",16,26,Zach Leone - R
423,"May 11, 2018 SK Modified® Feature Results",17,3,Josh Wood
424,"May 11, 2018 SK Modified® Feature Results",18,13,Ronnie Williams
425,"May 11, 2018 SK Modified® Feature Results",19,8,Todd Owen
426,"May 11, 2018 SK Modified® Feature Results",20,4,Glen Reen
427,"May 11, 2018 SK Modified® Feature Results",21,5,Chase Dowling
428,"May 11, 2018 SK Modified® Feature Results",22,18,Dan Wesson - R
429,"May 11, 2018 SK Modified® Feature Results",23,23,Cory DiMatteo - R
430,"May 11, 2018 SK Modified® Feature Results",24,44,"Tony Membrino, Jr."
431,"May 11, 2018 SK Modified® Feature Results",25,25,John Catania
432,"May 4, 2018 SK Modified® Feature Results",1,9,Keith Rocco
433,"May 4, 2018 SK Modified® Feature Results",2,8,Ronnie Williams
434,"May 4, 2018 SK Modified® Feature Results",3,2,"Mike Christopher, Jr."
435,"May 4, 2018 SK Modified® Feature Results",4,21,Todd Owen
436,"May 4, 2018 SK Modified® Feature Results",5,4,Rowan Pennink
437,"May 4, 2018 SK Modified® Feature Results",6,12,Eric Berndt
438,"May 4, 2018 SK Modified® Feature Results",7,6,"Michael Gervais, Jr."
439,"May 4, 2018 SK Modified® Feature Results",8,7,Matt Galko
440,"May 4, 2018 SK Modified® Feature Results",9,3,Chase Dowling
441,"May 4, 2018 SK Modified® Feature Results",10,14,D.J. Burnham
442,"May 4, 2018 SK Modified® Feature Results",11,19,Tom Bolles
443,"May 4, 2018 SK Modified® Feature Results",12,1,Joey Cipriano
444,"May 4, 2018 SK Modified® Feature Results",13,13,Stephen Kopcik
445,"May 4, 2018 SK Modified® Feature Results",14,16,Josh Wood
446,"May 4, 2018 SK Modified® Feature Results",15,10,Troy Talman
447,"May 4, 2018 SK Modified® Feature Results",16,11,"Tony Membrino, Jr."
448,"May 4, 2018 SK Modified® Feature Results",17,17,Matt Vassar - R
449,"May 4, 2018 SK Modified® Feature Results",18,22,"Doug Meservey, Jr. - R"
450,"May 4, 2018 SK Modified® Feature Results",19,20,Dan Wesson
451,"May 4, 2018 SK Modified® Feature Results",20,5,Tyler Hines
452,"May 4, 2018 SK Modified® Feature Results",21,18,David Arute - R
453,"May 4, 2018 SK Modified® Feature Results",22,24,Glen Reen
454,"May 4, 2018 SK Modified® Feature Results",23,15,Cory DiMatteo - R
455,"May 4, 2018 SK Modified® Feature Results",24,23,John Catania
456,2018 NAPA Spring Sizzler® SK Modified® Feature Results,1,1,Keith Rocco
457,2018 NAPA Spring Sizzler® SK Modified® Feature Results,2,9,Ronnie Williams
458,2018 NAPA Spring Sizzler® SK Modified® Feature Results,3,8,Matt Galko
459,2018 NAPA Spring Sizzler® SK Modified® Feature Results,4,12,"Michael Gervais, Jr."
460,2018 NAPA Spring Sizzler® SK Modified® Feature Results,5,17,Tyler Hines
461,2018 NAPA Spring Sizzler® SK Modified® Feature Results,6,6,Rowan Pennink
462,2018 NAPA Spring Sizzler® SK Modified® Feature Results,7,15,Matt Vassar - R
463,2018 NAPA Spring Sizzler® SK Modified® Feature Results,8,22,"Doug Meservey, Jr. - R"
464,2018 NAPA Spring Sizzler® SK Modified® Feature Results,9,7,Glen Reen
465,2018 NAPA Spring Sizzler® SK Modified® Feature Results,10,27,Tyler Jones - R
466,2018 NAPA Spring Sizzler® SK Modified® Feature Results,11,5,Chase Dowling
467,2018 NAPA Spring Sizzler® SK Modified® Feature Results,12,19,Josh Wood
468,2018 NAPA Spring Sizzler® SK Modified® Feature Results,13,3,"Mike Christopher, Jr."
469,2018 NAPA Spring Sizzler® SK Modified® Feature Results,14,10,Joey Cipriano
470,2018 NAPA Spring Sizzler® SK Modified® Feature Results,15,18,Tom Bolles
471,2018 NAPA Spring Sizzler® SK Modified® Feature Results,16,4,Jeff Baral
472,2018 NAPA Spring Sizzler® SK Modified® Feature Results,17,16,Todd Owen
473,2018 NAPA Spring Sizzler® SK Modified® Feature Results,18,25,Dan Wesson - R
474,2018 NAPA Spring Sizzler® SK Modified® Feature Results,19,13,Stephen Kopcik
475,2018 NAPA Spring Sizzler® SK Modified® Feature Results,20,20,David Arute - R
476,2018 NAPA Spring Sizzler® SK Modified® Feature Results,21,2,Eric Berndt
477,2018 NAPA Spring Sizzler® SK Modified® Feature Results,22,21,Robert Palmer
478,2018 NAPA Spring Sizzler® SK Modified® Feature Results,23,14,Cory DiMatteo - R
479,2018 NAPA Spring Sizzler® SK Modified® Feature Results,24,23,Jeff Malave
480,2018 NAPA Spring Sizzler® SK Modified® Feature Results,25,24,"Tony Membrino, Jr."
481,2018 NAPA Spring Sizzler® SK Modified® Feature Results,26,26,John Catania
482,2018 NAPA Spring Sizzler® SK Modified® Feature Results,27,11,Troy Talman
